"","plot_i","sp_i","level_used","sample_size"
"1","SPD-01","Miconia indet","b","24"
"2","TAM-06","Socratea exorrhiza","i","26"
"3","TAM-06","Neea divaricata","i","1"
"4","ACJ-01","Symplocos quitensis","a","15"
"5","ESP-01","Clusia trochiformis","a","17"
"6","PAN-02","Marila laxiflora","a","12"
"7","PAN-03","Aspidosperma indet","f","15"
"8","SPD-01","Alzatea verticillata","a","9"
"9","SPD-02","Staphylea occidentalis","a","10"
"10","TAM-06","Swartzia arborescens","f","68"
"11","TRU-04","Persea indet","a","21"
"12","WAY-01","Weinmannia crassifolia","a","16"
"13","ESP-01","Brunellia inermis","b","3"
"14","PAN-02","Senefeldera inclinata","a","17"
"15","PAN-03","Faramea torquata","a","18"
"16","SPD-01","Tapirira indet","a","9"
"17","SPD-02","Alsophila erinacea","e","9"
"18","TAM-05","Xylopia indet","f","35"
"19","TAM-06","Rinorea viridifolia","f","7"
"20","TRU-04","Meliosma indet","b","5"
"21","ACJ-01","Miconia alpina","a","19"
"22","ESP-01","Cyathea indet","b","9"
"23","PAN-03","Alchornea triplinervia","d","69"
"24","SPD-01","Alchornea latifolia","a","14"
"25","SPD-02","Tapirira obtusa","a","6"
"26","TAM-05","Calophyllum brasiliense","a","10"
"27","TAM-06","Pouteria durlandii","c","6"
"28","TRU-04","Freziera parva","a","21"
"29","PAN-02","Unonopsis spectabilis","f","35"
"30","SPD-01","Ilex gabrielleana","a","15"
"31","SPD-01","Saurauia peruviana","h","1"
"32","TAM-05","Licania heteromorpha","a","16"
"33","SPD-01","Caryocar indet","a","6"
"34","WAY-01","Weinmannia reticulata","a","6"
"35","TAM-05","Matisia ochrocalyx","e","12"
"36","SPD-01","Faramea bangii","d","18"
"37","SPD-01","Cyathea indet","b","9"
"38","WAY-01","Brunellia inermis","a","3"
"39","SPD-01","Inga indet","a","8"
"40","SPD-01","Guatteria glauca","a","17"
"41","SPD-01","Talauma amazonica","h","1"
"42","WAY-01","Weinmannia bangii","a","8"
"43","ESP-01","Mollinedia ovata","d","18"
"44","PAN-03","Pourouma mollis","a","12"
"45","SPD-02","Cyathea indet","a","9"
"46","TAM-05","Endlicheria rubriflora","d","18"
"47","TRU-04","Hedyosmum goudotianum","a","21"
"48","SPD-01","Protium montanum","a","12"
"49","SPD-01","Alsophila indet","f","24"
"50","WAY-01","Clethra cuneata","a","13"
"51","SPD-01","Hedyosmum indet","b","30"
"52","WAY-01","Schefflera allocotantha","f","31"
"53","WAY-01","Clusia flaviflora","a","12"
"54","SPD-01","Miconia calophylla","d","85"
"55","WAY-01","Prunus integrifolia","a","8"
"56","SPD-01","Matayba indet","h","1"
"57","SPD-01","Hieronyma moritziana","d","12"
"58","SPD-01","Clusia indet","b","28"
"59","SPD-01","Alsophila erinacea","f","24"
"60","ESP-01","Prunus integrifolia","a","15"
"61","PAN-03","Guatteria guentheri","d","35"
"62","SPD-02","Rhodostemonodaphne kunthiana","e","27"
"63","TRU-04","Cyathea caracasana","c","15"
"64","WAY-01","Styrax foveolaria","h","6"
"65","SPD-01","Alchornea indet","c","14"
"66","WAY-01","Persea indet","b","21"
"67","SPD-01","Talauma indet","h","1"
"68","WAY-01","Myrsine coriacea","a","8"
"69","ACJ-01","Clethra cuneata","a","18"
"70","ESP-01","Oreopanax indet","c","20"
"71","SPD-01","Cecropia indet","c","1"
"72","SPD-02","Cabralea canjerana","e","9"
"73","TAM-05","Sterculia tessmannii","e","12"
"74","TAM-06","Thyrsodium spruceanum","f","31"
"75","TRU-04","Weinmannia bangii","a","30"
"76","SPD-01","Hedyosmum cuatrecazanum","a","11"
"77","WAY-01","Axinaea pennellii","a","11"
"78","WAY-01","Prunus huantensis","c","8"
"79","TAM-05","Oenocarpus bataua","i","26"
"80","WAY-01","Myrsine indet","c","8"
"81","SPD-01","Cecropia angustifolia","a","1"
"82","SPD-01","Myrsine indet","d","76"
"83","SPD-01","Miconia axinaeoides","d","85"
"84","WAY-01","Miconia indet","b","24"
"85","ACJ-01","Symplocos baehnii","a","34"
"86","ESP-01","Weinmannia bangii","a","21"
"87","SPD-02","Cinchona micrantha","a","12"
"88","TAM-05","Pourouma minor","a","6"
"89","SPD-01","Turpinia occidentalis","f","10"
"90","SPD-01","Hieronyma indet","d","12"
"91","TAM-06","Myroxylon balsamum","f","68"
"92","SPD-01","Myrcia fallax","h","2"
"93","WAY-01","Ocotea indet","b","40"
"94","WAY-01","Viburnum reticulatum","h","25"
"95","WAY-01","Freziera parva","b","21"
"96","ACJ-01","Miconia setulosa","a","24"
"97","ESP-01","Axinaea indet","d","11"
"98","PAN-03","Abarema jupunba","e","15"
"99","SPD-01","Pseudolmedia rigida","a","15"
"100","SPD-02","Vochysia indet","f","9"
"101","TAM-05","Macoubea guianensis","f","15"
"102","TAM-06","Tetragastris altissima","f","12"
"103","TRU-04","Myrsine coriacea","a","24"
"104","WAY-01","Pentacalia sp. 28009(CSP)","a","2"
"105","TAM-05","Inga alba","d","18"
"106","SPD-01","Hedyosmum peruvianum","c","11"
"107","SPD-01","Guettarda crispiflora","e","14"
"108","SPD-01","Cupania indet","h","8"
"109","WAY-01","Prunus indet","b","6"
"110","SPD-01","Miconia ternatifolia","d","85"
"111","ESP-01","Meliosma frondosa","a","30"
"112","SPD-02","Pourouma bicolor","a","18"
"113","TAM-05","Pterocarpus indet","a","9"
"114","TAM-06","Trigynaea duckei","f","35"
"115","WAY-01","Clusia alata","a","18"
"116","SPD-01","Pourouma bicolor","b","32"
"117","SPD-01","Inga nobilis","c","8"
"118","ACJ-01","Symplocos psiloclada","c","49"
"119","PAN-03","Sloanea guianensis","a","18"
"120","SPD-02","Inga killipiana","d","18"
"121","TAM-05","Ouratea indet","a","17"
"122","TAM-06","Pseudolmedia laevis","b","2"
"123","SPD-01","Heliocarpus americanus","b","11"
"124","SPD-01","Cupania rubiginosa","h","8"
"125","SPD-01","Endlicheria indet","d","18"
"126","WAY-01","Oreopanax indet","d","20"
"127","SPD-01","Casearia zahlbruckneri","h","24"
"128","SPD-01","Guarea indet","d","9"
"129","PAN-03","Inga nobilis","d","18"
"130","SPD-02","Tachigali setifera","a","14"
"131","TAM-05","Inga heterophylla","d","18"
"132","TAM-06","Brosimum alicastrum","a","4"
"133","SPD-01","Erythroxylum squamatum","h","5"
"134","SPD-01","Sloanea fragrans","d","38"
"135","SPD-01","Oreopanax capitatus","d","20"
"136","WAY-01","Hesperomeles ferruginea","a","9"
"137","SPD-01","Meliosma indet","a","5"
"138","PAN-03","Joosia umbellifera","e","27"
"139","TAM-05","Iriartea deltoidea","i","26"
"140","WAY-01","Hedyosmum maximum","a","3"
"141","TAM-06","Celtis iguanaea","c","6"
"142","SPD-01","Rudgea foveolata","e","14"
"143","SPD-01","Guarea kunthiana","b","9"
"144","WAY-01","Persea corymbosa","d","36"
"145","SPD-01","Ficus indet","c","14"
"146","SPD-01","Casearia indet","h","24"
"147","TAM-06","Capparis amplissima","h","13"
"148","ACJ-01","Weinmannia cochensis","d","117"
"149","PAN-02","Alchornea glandulosa","d","69"
"150","PAN-03","Tachigali setifera","a","15"
"151","SPD-02","Miconia indet","b","24"
"152","TAM-05","Amaioua guianensis","f","74"
"153","TAM-06","Terminalia amazonia","h","8"
"154","TRU-04","Cinchona macrocalyx","c","21"
"155","ACJ-01","Pentacalia indet","d","2"
"156","ESP-01","Miconia indet","b","24"
"157","PAN-03","Schizocalyx obovatus ","a","9"
"158","SPD-01","Plinia indet","i","63"
"159","TAM-05","Alchornea triplinervia","d","69"
"160","TAM-06","Iriartea deltoidea","i","26"
"161","TRU-04","Clusia alata","a","28"
"162","SPD-01","Isertia laevis","e","14"
"163","SPD-01","Eugenia florida","h","30"
"164","SPD-01","Symplocos arechea","d","76"
"165","SPD-01","Meriania indet","a","9"
"166","ESP-01","Nectandra indet","d","9"
"167","PAN-03","Inga indet","b","8"
"168","SPD-02","Licaria cannella","e","27"
"169","TAM-05","Pseudolmedia macrophylla","c","18"
"170","SPD-01","Guatteria duodecima","c","17"
"171","SPD-01","Mollinedia simulans","d","18"
"172","SPD-02","Virola sebifera","a","15"
"173","TAM-05","Iryanthera juruensis","f","15"
"174","SPD-01","Guatteria indet","c","17"
"175","SPD-01","Byrsonima indet","h","1"
"176","SPD-01","Ormosia indet","e","8"
"177","ACJ-01","Weinmannia fagaroides","d","117"
"178","PAN-03","Caryocar amygdaliforme","a","21"
"179","SPD-01","Pourouma mollis","b","21"
"180","SPD-02","Nectandra indet","c","9"
"181","SPD-01","Endlicheria griseo-sericea","d","18"
"182","ACJ-01","Miconia indet","b","24"
"183","ESP-01","Aniba indet","f","147"
"184","PAN-03","Protium sagotianum","d","12"
"185","SPD-01","Dendropanax indet","a","11"
"186","SPD-02","Inga nobilis","d","18"
"187","TAM-06","Sloanea obtusifolia","d","38"
"188","SPD-01","Tapirira obtusa","b","6"
"189","SPD-01","Roupala monosperma","h","4"
"190","SPD-02","Neea parviflora","i","1"
"191","TAM-06","Scheelea cephalotes","i","26"
"192","SPD-01","Trichilia indet","f","9"
"193","SPD-01","Myrsine youngii","d","76"
"194","SPD-01","Weinmannia pinnata","d","117"
"195","ESP-01","Myrsine coriacea","a","18"
"196","SPD-01","Elaeagia mariae","c","14"
"197","SPD-02","Cecropia angustifolia","a","6"
"198","SPD-01","Clarisia indet","d","6"
"199","TAM-05","Inga tenuistipula","d","18"
"200","SPD-01","Ficus americana","a","14"
"201","PAN-03","Hevea guianensis","a","9"
"202","SPD-01","Phyllanthus attenuatus","f","12"
"203","PAN-03","Tapirira guianensis","b","16"
"204","SPD-01","Piper obliquum","h","11"
"205","TAM-06","Ficus schultesii","d","20"
"206","SPD-01","Viburnum hallii","h","25"
"207","TAM-06","Inga indet","b","8"
"208","SPD-01","Trattinnickia burserifolia","e","12"
"209","ESP-01","Clusia elliptica","a","11"
"210","SPD-02","Mollinedia lanceolata","a","18"
"211","WAY-01","Weinmannia auriculata","c","30"
"212","TAM-06","Theobroma speciosum","f","23"
"213","TAM-05","Miconia punctata","d","85"
"214","ACJ-01","Hedyosmum indet","a","30"
"215","PAN-02","Pourouma mollis","a","9"
"216","SPD-01","Pouteria torta","a","18"
"217","SPD-02","Ceiba samauma","e","11"
"218","TRU-04","Miconia micropetala","b","18"
"219","SPD-02","Meliosma indet","b","5"
"220","TAM-05","Pseudolmedia laevigata","a","16"
"221","SPD-01","Ocotea indet","a","12"
"222","ESP-01","Symplocos reflexa","a","27"
"223","PAN-03","Brosimum utile","d","10"
"224","TAM-05","Tapirira guianensis","b","16"
"225","WAY-01","Clethra indet","c","13"
"226","TAM-05","Bixa arborea","a","13"
"227","TAM-06","Symphonia globulifera","f","172"
"228","SPD-01","Mollinedia indet","d","18"
"229","SPD-01","Mollinedia racemosa","d","18"
"230","SPD-02","Brunellia stenoptera","a","10"
"231","TAM-05","Sclerolobium bracteosum","e","21"
"232","TAM-06","Pouteria indet","c","6"
"233","SPD-01","Roupala montana","h","4"
"234","PAN-03","Micropholis guyanensis","a","13"
"235","SPD-02","Miconia elongata","d","85"
"236","TRU-04","Cinchona calisaya","a","21"
"237","TAM-05","Pourouma cucura","c","12"
"238","SPD-01","Dendropanax williamsii","c","11"
"239","PAN-03","Neea floribunda","i","1"
"240","SPD-01","Miconia spennerostachya","d","85"
"241","TAM-06","Malmea dielsiana","f","35"
"242","TAM-05","Pourouma guianensis","a","6"
"243","PAN-03","Sloanea obtusifolia","c","38"
"244","SPD-01","Saurauia indet","h","1"
"245","TAM-05","Hevea guianensis","b","9"
"246","TRU-04","Oreopanax indet","d","20"
"247","SPD-01","Lissocarpa indet","a","21"
"248","SPD-01","Protium indet","c","12"
"249","SPD-01","Hedyosmum racemosum","c","11"
"250","SPD-01","Ilex indet","c","15"
"251","SPD-01","Beilschmiedia latifolia","e","12"
"252","SPD-01","Tovomita weddelliana","e","24"
"253","PAN-03","Virola calophylla","d","15"
"254","SPD-01","Spirotheca rosea","f","23"
"255","TAM-05","Siparuna decipiens","h","2"
"256","TAM-06","Simarouba amara","h","4"
"257","TRU-04","Weinmannia reticulata","a","9"
"258","TAM-06","Parkia nitida","f","68"
"259","PAN-03","Chrysophyllum lucentifolium","d","18"
"260","SPD-01","Virola duckei","d","15"
"261","TAM-06","Inga splendens","d","18"
"262","ESP-01","Clethra indet","d","31"
"263","TRU-04","Cyathea delgadii","a","15"
"264","SPD-02","Myrsine pellucida","d","76"
"265","TAM-05","Euterpe precatoria","h","4"
"266","TAM-06","Turpinia occidentalis","f","10"
"267","TAM-06","Castilla ulei","e","4"
"268","SPD-01","Mollinedia lanceolata","b","18"
"269","TAM-06","Astrocaryum murumuru","h","1"
"270","TAM-05","Pourouma mollis","b","21"
"271","ACJ-01","Polylepis pauta","f","53"
"272","ESP-01","Miconia micropetala","a","18"
"273","PAN-02","Coussapoa manuensis","a","18"
"274","PAN-03","Protium altsonii","d","12"
"275","SPD-01","Cabralea canjerana","f","9"
"276","TAM-06","Glycydendron amazonicum","f","129"
"277","TRU-04","Clusia indet","a","28"
"278","SPD-02","Ilex gabrielleana","b","15"
"279","TAM-06","Pourouma substrigosa","d","68"
"280","SPD-01","Guatteria boliviana","c","17"
"281","TAM-05","Conceveiba guianensis","f","129"
"282","TAM-05","Sarcaulus brasiliensis","e","8"
"283","TAM-06","Aniba indet","f","147"
"284","SPD-01","Inga heterophylla","c","8"
"285","PAN-03","Sloanea meianthera","a","14"
"286","TAM-05","Eschweilera coriacea","a","8"
"287","TAM-06","Lonchocarpus indet","f","68"
"288","SPD-01","Schefflera indet","e","11"
"289","SPD-01","Panopsis pearcei","h","2"
"290","SPD-01","Clusia elliptica","a","12"
"291","SPD-01","Perrottetia distichophylla","d","18"
"292","SPD-02","Euterpe precatoria","h","4"
"293","TAM-05","Iryanthera laevis","f","15"
"294","SPD-01","Prunus indet","a","6"
"295","SPD-01","Calyptranthes indet","h","10"
"296","ACJ-01","Persea ruizii","a","15"
"297","PAN-03","Iryanthera juruensis","f","15"
"298","TAM-05","Leonia glycycarpa","a","7"
"299","TAM-06","Pourouma cecropiifolia","d","68"
"300","WAY-01","Escallonia paniculata","h","1"
"301","SPD-01","Ladenbergia oblongifolia","e","14"
"302","SPD-01","Pseudolmedia indet","c","15"
"303","TAM-05","Calycophyllum megistocaulum","f","74"
"304","TAM-06","Zanthoxylum acreanum","h","20"
"305","SPD-01","Mollinedia pulcherrima","d","18"
"306","TAM-05","Annona ambotay","f","35"
"307","SPD-01","Dendropanax cuneatus","c","11"
"308","ESP-01","Oreopanax microflorous","a","20"
"309","TRU-04","Prunus debilis","a","15"
"310","ESP-01","Hedyosmum indet","b","30"
"311","SPD-01","Clusia thurifera","a","12"
"312","ESP-01","Podocarpus oleifolius","f","3"
"313","TAM-06","Guarea gomma","d","9"
"314","SPD-02","Nectandra reticulata","a","9"
"315","SPD-01","Ternstroemia globiflora","f","21"
"316","PAN-02","Tapirira guianensis","a","15"
"317","TAM-06","Maquira guianensis","e","4"
"318","TRU-04","Gordonia fruticosa","a","24"
"319","SPD-02","Joosia umbellifera","e","12"
"320","TAM-05","Licaria aurea","e","9"
"321","TAM-06","Mabea nitida","f","129"
"322","SPD-01","Pouteria guianensis","c","18"
"323","PAN-03","Lacistema aggregatum","h","5"
"324","TAM-06","Sterculia tessmannii","f","23"
"325","TAM-06","Guarea glabra","d","9"
"326","SPD-01","Symplocos indet","d","76"
"327","PAN-02","Chrysophyllum amazonicum","d","18"
"328","ESP-01","Symplocos spruceana","c","27"
"329","SPD-02","Coussapoa villosa","a","16"
"330","TAM-06","Ruizodendron ovale","f","35"
"331","PAN-03","Cecropia polystachya","d","7"
"332","SPD-02","Endlicheria griseo-sericea","c","18"
"333","TAM-05","Roucheria punctata","a","5"
"334","TRU-04","Mollinedia ovata","d","18"
"335","PAN-03","Helicostylis tomentosa","f","102"
"336","SPD-02","Caryocar pallidum","a","14"
"337","TAM-05","Brosimum lactescens","a","6"
"338","TAM-06","Leonia glycycarpa","b","7"
"339","PAN-03","Cybianthus indet","f","76"
"340","TAM-05","Talisia cupularis","i","36"
"341","TAM-06","Tapura acreana","i","2"
"342","PAN-03","Guarea macrophylla","d","9"
"343","SPD-02","Mollinedia repanda","c","18"
"344","PAN-03","Cyathea indet","b","9"
"345","SPD-02","Tapirira guianensis","a","1"
"346","TAM-05","Hebepetalum humiriifolium","a","16"
"347","TRU-04","Weinmannia multijuga","c","39"
"348","PAN-03","Miconia splendens","d","85"
"349","SPD-01","Pleurothyrium indet","e","12"
"350","TAM-06","Eugenia indet","h","30"
"351","PAN-03","Ocotea aciphylla","c","9"
"352","SPD-01","Miconia aulocalyx","d","85"
"353","TAM-05","Minquartia guianensis","i","5"
"354","TAM-06","Celtis schippii","a","6"
"355","WAY-01","Morella pubescens","i","11"
"356","SPD-01","Caryocar amygdaliforme","b","21"
"357","TAM-06","Annona foetida","f","35"
"358","SPD-01","Chrysophyllum indet","a","18"
"359","TAM-05","Pleurothyrium indet","e","9"
"360","TAM-06","Virola calophylla","d","15"
"361","SPD-02","Rheedia brasiliensis","f","172"
"362","PAN-03","Ocotea insularis","a","9"
"363","TRU-04","Psychotria indet","e","21"
"364","PAN-03","Qualea paraensis","a","9"
"365","WAY-01","Escallonia myrtilloides","h","1"
"366","ACJ-01","Weinmannia auriculata","d","117"
"367","PAN-03","Inga capitata","d","18"
"368","TAM-06","Pouteria caimito","c","6"
"369","TAM-05","Neea divaricata","i","1"
"370","TAM-05","Matayba arborescens","h","1"
"371","TAM-05","Meliosma herbertii","d","35"
"372","TAM-06","Endlicheria formosa","d","18"
"373","PAN-03","Ocotea cuprea","c","9"
"374","PAN-03","Ocotea indet","b","40"
"375","TAM-05","Virola mollissima","d","15"
"376","TAM-06","Sapium marmieri","d","10"
"377","TAM-05","Micropholis guyanensis","b","13"
"378","TRU-04","Prunus integrifolia","b","23"
"379","SPD-02","Elaeagia mariae","d","14"
"380","TAM-05","Brosimum guianense","c","6"
"381","TAM-06","Nectandra viburnoides","d","9"
"382","ESP-01","Weinmannia crassifolia","a","27"
"383","SPD-02","Pourouma herrerensis","c","18"
"384","TAM-06","Unonopsis matthewsii","f","35"
"385","TAM-05","Hevea brasiliensis","b","12"
"386","TAM-06","Trigynaea ecuadorensis","f","35"
"387","TRU-04","Miconia indet","a","24"
"388","PAN-03","Piptadenia pteroclada","e","15"
"389","TAM-05","Tetragastris panamensis","f","12"
"390","WAY-01","Styrax pentlandianus","h","6"
"391","SPD-02","Endlicheria indet","c","18"
"392","TAM-06","Garcinia macrophylla","f","172"
"393","PAN-03","Pouteria cuspidata","d","32"
"394","SPD-02","Pouteria bilocularis","d","32"
"395","TAM-06","Hirtella excelsa","f","34"
"396","TRU-04","Nectandra indet","d","9"
"397","TAM-05","Ocotea cernua","c","9"
"398","PAN-03","Ferdinandusa chlorantha","e","27"
"399","WAY-01","Clethra castaneifolia","c","13"
"400","TAM-05","Matayba purgans","h","1"
"401","TAM-06","Apeiba membranacea","f","23"
"402","TAM-05","Anthodiscus peruanus","a","11"
"403","PAN-02","Jacaranda glabra","a","12"
"404","PAN-03","Senefeldera inclinata","a","12"
"405","SPD-02","Palicourea indet","e","12"
"406","TAM-06","Ocotea bofo","b","18"
"407","PAN-03","Cecropia indet","d","7"
"408","PAN-03","Inga alba","d","18"
"409","SPD-02","Spirotheca rosea","e","11"
"410","TAM-06","Batocarpus amazonicus","e","4"
"411","TAM-06","Inga striata","d","18"
"412","TAM-05","Virola calophylla","d","15"
"413","TAM-06","Astrocaryum gratum","h","1"
"414","TAM-05","Unonopsis matthewsii","f","35"
"415","ACJ-01","Monnina indet","i","2"
"416","SPD-02","Magnolia amazonica","h","5"
"417","TAM-05","Miconia indet","b","24"
"418","ACJ-01","Clethra indet","c","18"
"419","PAN-03","Eschweilera albiflora","d","8"
"420","TAM-05","Clarisia racemosa","a","6"
"421","SPD-02","Alchornea latifolia","a","25"
"422","TAM-05","Lindackeria paludosa",NA,"0"
"423","TAM-06","Minquartia guianensis","i","5"
"424","PAN-03","Eriotheca globosa","f","23"
"425","TAM-06","Amaioua guianensis","f","74"
"426","WAY-01","Bejaria aestuans","i","129"
"427","TAM-05","Ferdinandusa loretensis","f","74"
"428","WAY-01","Cinchona macrocalyx","d","33"
"429","SPD-02","Endlicheria macrophylla","a","18"
"430","TAM-05","Dialypetalanthus fuscescens","f","74"
"431","TAM-06","Bertholletia excelsa","f","8"
"432","PAN-03","Miconia tetragona","d","85"
"433","TAM-06","Leonia racemosa","d","7"
"434","SPD-02","Protium montanum","b","12"
"435","TAM-05","Theobroma speciosum","e","12"
"436","TAM-06","Endlicheria krukovii","d","18"
"437","ESP-01","Cyathea pallescens","d","24"
"438","SPD-02","Guatteria glauca","a","18"
"439","TAM-06","Euterpe precatoria","h","4"
"440","TAM-05","Amaioua indet","f","74"
"441","SPD-02","Rauvolfia leptophylla","a","15"
"442","TAM-06","Oenocarpus mapora","i","26"
"443","TRU-04","Clusia flaviflora","b","12"
"444","SPD-01","Protium glabrescens","c","12"
"445","TAM-06","Oenocarpus bataua","i","26"
"446","TAM-05","Cecropia sciadophylla","d","7"
"447","TAM-05","Virola sebifera","b","15"
"448","TAM-06","Inga acrocephala","d","18"
"449","PAN-03","Neea divaricata","i","1"
"450","ESP-01","Meliosma indet","b","5"
"451","TAM-06","Pouteria cladantha","c","6"
"452","PAN-03","Tachigali indet","c","15"
"453","SPD-02","Sapium glandulosum","c","10"
"454","TAM-05","Nectandra cissiflora","d","9"
"455","PAN-03","Pseudolmedia laevigata","b","16"
"456","TRU-04","Miconia galactantha","c","24"
"457","PAN-02","Leonia glycycarpa","b","7"
"458","SPD-01","Posoqueria coriacea","e","14"
"459","TAM-05","Talisia cerasina","i","36"
"460","TAM-06","Pouteria torta","a","6"
"461","TAM-06","Neea indet","i","1"
"462","TAM-05","Trattinnickia aspera","f","12"
"463","TAM-05","Heisteria acuminata","i","5"
"464","ESP-01","Clusia alata","a","24"
"465","PAN-03","Helicostylis elegans","f","102"
"466","SPD-02","Persea areolatocostae","d","36"
"467","TAM-05","Licaria canella","e","9"
"468","TAM-06","Guatteria indet","d","35"
"469","TAM-06","Eschweilera coriacea","b","8"
"470","ESP-01","Myrsine youngii","c","18"
"471","TAM-05","Myrciaria indet","h","1"
"472","PAN-03","Licania octandra","d","16"
"473","SPD-01","Aniba indet","e","12"
"474","TAM-06","Pterocarpus rohrii","d","9"
"475","SPD-02","Matayba guianensis","h","1"
"476","TAM-05","Huberodendron swietenioides","a","12"
"477","PAN-02","Protium amazonicum","d","12"
"478","SPD-02","Guatteria duodecima","c","18"
"479","TAM-05","Ocotea bofo","a","9"
"480","TAM-06","Dussia tessmannii","f","68"
"481","TRU-04","Weinmannia mariquitae","c","39"
"482","PAN-02","Inga indet","b","8"
"483","PAN-03","Aspidosperma rigidum","f","15"
"484","SPD-02","Alchornea brittonii","c","25"
"485","TAM-05","Tachigali polyphylla","a","6"
"486","TAM-06","Pouteria tarapotensis","c","6"
"487","SPD-02","Viburnum hallii","h","25"
"488","WAY-01","Weinmannia indet","c","30"
"489","TAM-06","Rollinia centrantha","f","35"
"490","TRU-04","Solanum indet","h","12"
"491","TAM-06","Sterculia indet","f","23"
"492","PAN-03","Neea virens","i","1"
"493","TAM-06","Piper arboreum","h","11"
"494","SPD-01","Alchornea hilariana","c","14"
"495","TAM-05","Amaioua corymbosa","f","74"
"496","PAN-02","Inga oerstediana","c","10"
"497","SPD-01","Retrophyllum rospigliosii","a","3"
"498","SPD-02","Vismia gracilis","a","10"
"499","TAM-05","Jacaranda copaia","d","12"
"500","TAM-06","Virola flexuosa","d","15"
"501","TAM-06","Tapirira obtusa","b","6"
"502","SPD-02","Inga heterophylla","d","18"
"503","SPD-02","Quiina amazonica","f","17"
"504","ESP-01","Hesperomeles ferruginea","b","9"
"505","PAN-03","Guarea indet","d","9"
"506","PAN-03","Myrcia splendens","h","2"
"507","PAN-03","Pouteria simulans","d","32"
"508","ESP-01","Myrsine andina","b","26"
"509","PAN-02","Cedrelinga cateniformis","b","6"
"510","TAM-06","Urera indet","f","109"
"511","WAY-01","Clusia indet","b","28"
"512","PAN-03","Eugenia indet","h","30"
"513","PAN-02","Hevea brasiliensis","a","12"
"514","TAM-06","Nectandra pulverulenta","d","9"
"515","SPD-02","Pseudolmedia rigida","a","15"
"516","SPD-02","Guatteria ucayalina","c","18"
"517","TAM-05","Mezilaurus subcordata","e","9"
"518","TAM-06","Neea floribunda","i","1"
"519","PAN-03","Erythroxylum patens","h","5"
"520","PAN-03","Myrsine pellucida","d","76"
"521","SPD-01","Panopsis sprucei","h","2"
"522","TAM-05","Miconia trinervia","d","85"
"523","TRU-04","Cyathea indet","b","9"
"524","TAM-05","Sloanea eichleri","d","38"
"525","TAM-05","Ocotea indet","b","40"
"526","WAY-01","Symplocos reflexa","b","27"
"527","PAN-03","Cordia ucayaliensis","h","16"
"528","TAM-05","Hevea indet","d","21"
"529","SPD-02","Ormosia indet","e","14"
"530","TAM-06","Inga dumosa","d","18"
"531","PAN-03","Miconia aulocalyx","d","85"
"532","SPD-02","Persea indet","b","21"
"533","TAM-05","Geissospermum reticulatum","f","15"
"534","TAM-05","Sloanea sinemariensis","b","6"
"535","TAM-05","Helicostylis tomentosa","e","30"
"536","TAM-05","Tachigali indet","c","6"
"537","TAM-06","Mabea speciosa","f","129"
"538","SPD-02","Ficus americana","b","14"
"539","TRU-04","Cyathea lechleri","c","15"
"540","TAM-06","Beilschmiedia tovarensis","f","147"
"541","TAM-06","Tachigali bracteosa","d","35"
"542","TRU-04","Alchornea pearcei","a","30"
"543","SPD-02","Miconia barbeyana","d","85"
"544","ESP-01","Morella pubescens","i","11"
"545","PAN-02","Cabralea canjerana","f","9"
"546","SPD-01","Elaeagia indet","a","14"
"547","SPD-02","Hieronyma fendleri","c","12"
"548","PAN-03","Protium spruceanum","d","12"
"549","TAM-05","Hirtella excelsa","e","16"
"550","PAN-03","Brosimum rubescens","d","10"
"551","TRU-04","Clethra revoluta","d","31"
"552","PAN-03","Sloanea sinemariensis","a","6"
"553","TAM-06","Inga bourgonii","d","18"
"554","TAM-06","Leonia indet","d","7"
"555","PAN-03","Parinari occidentalis","d","18"
"556","TAM-06","Tabernaemontana arcuata","f","15"
"557","WAY-01","Hedyosmum indet","b","30"
"558","ESP-01","Hedyosmum translucidum","a","18"
"559","SPD-02","Neea spruceana","i","1"
"560","WAY-01","Hedyosmum goudotianum","b","21"
"561","PAN-03","Siparuna tomentosa","h","2"
"562","PAN-03","Unonopsis spectabilis","f","35"
"563","TAM-06","Eugenia ochrophloea","h","30"
"564","TRU-04","Gordonia planchonii","c","24"
"565","PAN-02","Pseudolmedia rigida","a","18"
"566","PAN-03","Marila indet","d","12"
"567","SPD-02","Bactris setulosa","h","1"
"568","TAM-06","Inga auristellae","d","18"
"569","SPD-02","Sapium laurifolium","a","10"
"570","TAM-05","Nectandra viburnoides","d","9"
"571","TAM-06","Guarea macrophylla","d","9"
"572","TAM-06","Sloanea fragrans","d","38"
"573","TAM-06","Inga edulis","d","18"
"574","TAM-06","Tapura juruana","i","2"
"575","TRU-04","Miconia coelestis","c","24"
"576","PAN-03","Couepia indet","f","34"
"577","SPD-02","Alchornea indet","c","25"
"578","TAM-05","Sloanea terniflora","d","38"
"579","TRU-04","Ocotea indet","a","28"
"580","TRU-04","Meliosma frondosa","b","30"
"581","TAM-05","Brosimum alicastrum","b","4"
"582","TAM-06","Neea ovalifolia","i","1"
"583","PAN-02","Qualea paraensis","b","9"
"584","SPD-02","Trichilia micrantha","e","9"
"585","TAM-06","Porcelia nitidifolia","f","35"
"586","WAY-01","Ilex sessiliflora","d","15"
"587","PAN-03","Trattinnickia burserifolia","f","12"
"588","PAN-03","Couepia bernardii","f","34"
"589","TAM-05","Mouriri grandiflora","f","123"
"590","SPD-01","Psychotria conephoroides","e","14"
"591","PAN-03","Chrysophyllum sanguinolentum","d","18"
"592","TRU-04","Schefflera indet","f","31"
"593","SPD-02","Ocotea indet","b","40"
"594","TAM-06","Clarisia racemosa","b","6"
"595","PAN-03","Hymenaea oblongifolia","e","15"
"596","TAM-06","Inga semialata","d","18"
"597","PAN-02","Sloanea guianensis","b","18"
"598","TAM-05","Ouratea iquitosensis","c","17"
"599","TRU-04","Myrsine indet","c","50"
"600","TAM-06","Chimarrhis indet","f","74"
"601","TAM-05","Pseudolmedia laevis","a","2"
"602","TAM-06","Macrocnemum roseum","f","74"
"603","PAN-03","Myrcia paivae","h","2"
"604","SPD-01","Miconia crassipes","d","85"
"605","SPD-02","Miconia theizans ","d","85"
"606","TAM-06","Sterculia peruviana","f","23"
"607","TAM-06","Otoba parvifolia","f","15"
"608","TAM-06","Pourouma minor","b","9"
"609","TAM-06","Dendropanax arboreus","d","11"
"610","TAM-06","Mabea indet","f","129"
"611","SPD-02","Brosimum lactescens","b","6"
"612","PAN-02","Ficus indet","d","20"
"613","SPD-02","Hieronyma andina","c","12"
"614","TAM-05","Micropholis melinoniana","d","13"
"615","TRU-04","Alchornea grandiflora","c","30"
"616","SPD-02","Cordia indet","h","16"
"617","TAM-06","Marila laxiflora","b","12"
"618","TAM-05","Enterolobium schomburgkii","e","21"
"619","TAM-06","Siparuna cuspidata","h","2"
"620","PAN-03","Andira inermis","e","15"
"621","SPD-02","Blakea indet","f","123"
"622","PAN-03","Licania indet","d","16"
"623","SPD-02","Cyathea caracasana","c","9"
"624","TAM-05","Hymenaea oblongifolia","e","21"
"625","TAM-06","Sarcaulus brasiliensis","e","6"
"626","TAM-05","Oenocarpus mapora","i","26"
"627","ESP-01","Viburnum reticulatum","h","25"
"628","ACJ-01","Centropogon indet","i","1"
"629","TAM-05","Capparis sola","h","13"
"630","TAM-06","Neea macrophylla","i","1"
"631","SPD-01","Myrcia egensis","h","2"
"632","PAN-02","Protium indet","d","12"
"633","ESP-01","Schefflera indet","e","20"
"634","SPD-01","Myrcia atrorufa","h","2"
"635","TAM-06","Attalea cephalotes","i","26"
"636","TAM-05","Rollinia centrantha","f","35"
"637","SPD-02","Annona williamsii","e","18"
"638","TAM-06","Pleurothyrium cuneifolium","f","147"
"639","TAM-05","Miconia triplinervis","d","85"
"640","ESP-01","Weinmannia multijuga","c","48"
"641","TAM-05","Cordia toqueve","h","16"
"642","SPD-01","Dendropanax weberbaueri","c","11"
"643","TAM-05","Trophis scandens","e","30"
"644","TAM-05","Neea altissima","i","1"
"645","TAM-06","Miconia indet","b","24"
"646","PAN-02","Pouteria macrophylla","d","32"
"647","TAM-06","Drypetes gentryi","h","3"
"648","PAN-02","Bellucia pentamera","a","18"
"649","PAN-03","Licaria pucheri","e","9"
"650","TAM-05","Cordia mexiana","h","16"
"651","TAM-06","Pourouma guianensis","b","6"
"652","TAM-05","Pourouma palmata","c","12"
"653","SPD-01","Persea indet","b","21"
"654","TAM-05","Caraipa myrcioides","f","12"
"655","TAM-06","Tapirira guianensis","b","16"
"656","TRU-04","Ilex indet","d","15"
"657","TAM-05","Lacistema nena","h","5"
"658","TAM-05","Bathysa peruviana","f","74"
"659","SPD-01","Parinari parilis","a","18"
"660","TAM-05","Inga chartacea","d","18"
"661","TAM-05","Duguetia odorata","f","35"
"662","TAM-05","Diospyros melinonii","f","21"
"663","TAM-05","Aiouea grandifolia","e","9"
"664","TAM-05","Calycophyllum acreanum","f","74"
"665","ESP-01","Persea indet","b","21"
"666","TRU-04","Brunellia weberbaueri","d","13"
"667","TAM-05","Xylopia calophylla","f","35"
"668","TAM-05","Malmea dielsiana","f","35"
"669","PAN-02","Tachigali setifera","b","29"
"670","SPD-01","Quiina amazonica","f","17"
"671","SPD-02","Hillia parasitica","e","12"
"672","TAM-05","Cordia hebeclada","h","16"
"673","TAM-05","Miconia pyrifolia","d","85"
"674","TAM-05","Inga thibaudiana","b","10"
"675","TAM-05","Inga nobilis","d","18"
"676","SPD-02","Cordia panamensis","h","16"
"677","TAM-06","Cordia nodosa","h","16"
"678","ACJ-01","Sessea dependens","i","30"
"679","TAM-05","Symphonia globulifera","e","10"
"680","PAN-03","Inga heterophylla","d","18"
"681","SPD-01","Alchornea acutifolia","c","14"
"682","SPD-02","Mollinedia indet","c","18"
"683","TAM-06","Pouteria bangii","c","6"
"684","SPD-02","Perebea guianensis","e","21"
"685","TAM-05","Acalypha indet","f","129"
"686","PAN-02","Casearia ulmifolia","h","24"
"687","SPD-02","Phyllanthus attenuatus","e","12"
"688","TAM-05","Mouriri nigra","f","123"
"689","TAM-06","Iryanthera juruensis","f","15"
"690","TRU-04","Myrsine andina","a","26"
"691","PAN-03","Matisia malacocalyx","f","23"
"692","TAM-06","Sorocea pileata","e","4"
"693","TAM-05","Cecropia ficifolia","d","7"
"694","PAN-02","Miconia indet","b","24"
"695","TAM-06","Maquira calophylla","e","4"
"696","SPD-01","Nectandra indet","d","9"
"697","TAM-05","Licania canescens","c","16"
"698","TAM-06","Tetragastris panamensis","f","12"
"699","TAM-05","Eugenia florida","h","30"
"700","PAN-03","Miconia indet","b","24"
"701","TAM-05","Aspidosperma spruceanum","f","15"
"702","ESP-01","Gaiadendron punctatum","h","1"
"703","SPD-02","Plinia indet","i","63"
"704","TAM-05","Oenocarpus indet","i","26"
"705","PAN-03","Lonchocarpus indet","e","15"
"706","TAM-05","Aniba canelilla","e","9"
"707","TAM-06","Quararibea wittii","f","23"
"708","PAN-02","Minquartia guianensis","i","5"
"709","SPD-02","Hieronyma macrocarpa","a","12"
"710","PAN-03","Dendrobangia boliviana",NA,"0"
"711","SPD-02","Hieronyma indet","c","12"
"712","TAM-05","Inga capitata","d","18"
"713","TAM-06","Urera capitata","f","109"
"714","PAN-03","Neea indet","i","1"
"715","TAM-06","Triplaris cumingiana","i","51"
"716","TAM-05","Mabea indet","f","129"
"717","ESP-01","Bejaria aestuans","i","129"
"718","TRU-04","Symplocos reflexa","b","27"
"719","TAM-06","Theobroma cacao","f","23"
"720","SPD-01","Leandra indet","e","9"
"721","TAM-06","Triplaris peruviana","i","51"
"722","TAM-06","Triplaris poeppigiana","i","51"
"723","TAM-05","Faramea glandulosa","d","18"
"724","ESP-01","Clethra castaneifolia","d","31"
"725","TAM-05","Duguetia lucida","f","35"
"726","TAM-05","Pouteria tarapotensis","c","8"
"727","TAM-05","Cedrelinga cateniformis","a","6"
"728","PAN-03","Guatteria dielsiana","d","35"
"729","TAM-06","Ocotea indet","b","40"
"730","PAN-02","Vitex triflora","h","8"
"731","PAN-03","Pourouma minor","b","9"
"732","TAM-05","Hieronyma oblonga","d","12"
"733","TAM-05","Xylopia trichostemon","f","35"
"734","TAM-05","Inga acreana","d","18"
"735","TAM-06","Lindackeria paludosa",NA,"0"
"736","TAM-05","Tachigali bracteosa","c","6"
"737","PAN-03","Aspidosperma parvifolium","f","15"
"738","ESP-01","Cinchona macrocalyx","d","33"
"739","ESP-01","Baccharis salicifolia","f","2"
"740","SPD-02","Miconia cretacea","d","85"
"741","SPD-02","Hieronyma oblonga","c","12"
"742","TAM-05","Pouteria procera","c","8"
"743","TAM-06","Jacaratia digitata",NA,"0"
"744","TAM-05","Pourouma cecropiifolia","c","12"
"745","TAM-05","Maquira guianensis","e","30"
"746","TAM-05","Iryanthera olacoides","f","15"
"747","TAM-06","Inga laurina","d","18"
"748","TAM-05","Thyrsodium spruceanum","f","31"
"749","SPD-01","Cinchona indet","d","33"
"750","TAM-06","Chrysophyllum indet","b","18"
"751","SPD-02","Miconia spennerostachya","d","85"
"752","TAM-06","Sloanea stipitata","d","38"
"753","PAN-03","Persea peruviana","d","36"
"754","SPD-02","Quararibea wittii","e","11"
"755","TAM-06","Drypetes amazonica","h","3"
"756","SPD-02","Casearia indet","h","24"
"757","TAM-05","Pouteria cladantha","c","8"
"758","TAM-06","Inga chartacea","d","18"
"759","ACJ-01","Gynoxys nitida","f","2"
"760","TAM-06","Virola elongata","d","15"
"761","PAN-03","Mollinedia killipii","d","18"
"762","TAM-06","Duguetia spixiana","f","35"
"763","TAM-05","Guatteria indet","d","35"
"764","TAM-05","Miconia dolichorrhyncha","d","85"
"765","TAM-05","Guatteria citriodora","d","35"
"766","SPD-01","Alchornea brittonii","c","14"
"767","TAM-05","Chimarrhis indet","f","74"
"768","TAM-05","Terminalia amazonia","h","8"
"769","TAM-05","Moronobea coccinea","e","10"
"770","TAM-05","Ocotea cuprea","c","9"
"771","SPD-02","Miconia axinaeoides","d","85"
"772","SPD-02","Chrysochlamys ulei","f","172"
"773","TAM-05","Ouratea castaneifolia","c","17"
"774","TAM-05","Bertholletia excelsa","e","8"
"775","SPD-02","Elaeagia myriantha","d","14"
"776","TAM-06","Guatteria alutacea","d","35"
"777","TAM-05","Lacistema aggregatum","h","5"
"778","TRU-04","Hedyosmum translucidum","b","18"
"779","TAM-05","Bellucia pentamera","b","18"
"780","SPD-02","Ficus maxima","a","6"
"781","SPD-01","Licania macrocarpa","d","16"
"782","SPD-02","Byrsonima poeppigiana","h","1"
"783","TAM-06","Iryanthera indet","f","15"
"784","PAN-03","Licania micrantha","d","16"
"785","TAM-06","Virola surinamensis","d","15"
"786","PAN-03","Sloanea latifolia","c","38"
"787","ESP-01","Cinchona calisaya","b","21"
"788","TAM-05","Inga acuminata","d","18"
"789","TAM-06","Iryanthera laevis","f","15"
"790","SPD-02","Piper obliquum","h","11"
"791","PAN-02","Sloanea spathulata","d","38"
"792","TAM-06","Leonia crassa","d","7"
"793","TAM-06","Prunus detrita","d","44"
"794","SPD-02","Prunus detrita","d","44"
"795","TAM-06","Trichilia pallida","f","9"
"796","ACJ-01","Myrsine andina","b","26"
"797","TAM-05","Aspidosperma tambopatense","f","15"
"798","TAM-06","Trichilia septentrionalis","f","9"
"799","TAM-05","Pouteria torta","a","8"
"800","ESP-01","Weinmannia reticulata","b","15"
"801","PAN-03","Micropholis egensis","c","13"
"802","TAM-06","Pterocarpus amazonicus","d","9"
"803","SPD-02","Lacistema aggregatum","h","5"
"804","TAM-05","Talisia mollis","i","36"
"805","PAN-03","Cyathea andina","d","24"
"806","PAN-03","Elaeoluma nuda","e","13"
"807","TAM-06","Caraipa myrcioides","f","12"
"808","SPD-01","Miconia micropetala","b","18"
"809","PAN-03","Sloanea pubescens","c","38"
"810","SPD-01","Bathysa peruviana","e","14"
"811","TAM-06","Oxandra acuminata","f","35"
"812","SPD-02","Inga vismiifolia","d","18"
"813","ESP-01","Symplocos psiloclada","c","27"
"814","TAM-05","Dialium guianense","e","21"
"815","PAN-03","Enterolobium indet","e","15"
"816","PAN-03","Amaioua corymbosa","e","27"
"817","TAM-06","Licania harlingii","d","16"
"818","TAM-06","Inga leiocalycina","d","18"
"819","SPD-02","Oreopanax indet","d","20"
"820","TAM-06","Guapira myrtiflora","i","1"
"821","TAM-06","Manilkara inundata","e","6"
"822","TAM-05","Licaria cannella","e","9"
"823","TAM-06","Endlicheria ruforamula","d","18"
"824","TAM-06","Pouteria trilocularis","c","6"
"825","TAM-06","Rinorea indet","f","7"
"826","TAM-06","Tachigali vasquezii","d","35"
"827","SPD-01","Alchornea anamariae","c","14"
"828","PAN-02","Couratari guianensis","f","8"
"829","PAN-03","Endlicheria indet","d","18"
"830","SPD-02","Mezilaurus campaucola","e","27"
"831","PAN-03","Prunus debilis","b","15"
"832","TAM-06","Rollinia micrantha","f","35"
"833","TAM-06","Piper indet","h","11"
"834","TAM-05","Alibertia indet","f","74"
"835","TAM-06","Neea spruceana","i","1"
"836","TAM-05","Virola indet","d","15"
"837","TAM-06","Ampelocera verrucosa","i","19"
"838","TAM-06","Nectandra globosa","d","9"
"839","PAN-03","Calophyllum indet","d","10"
"840","SPD-02","Guarea kunthiana","a","9"
"841","TAM-06","Compsoneura indet","f","15"
"842","SPD-01","Miconia lamprophylla","d","85"
"843","TAM-06","Vismia cayennensis","d","10"
"844","TAM-06","Jacaranda copaia","d","12"
"845","TAM-05","Inga indet","b","8"
"846","SPD-02","Eschweilera baguensis","d","8"
"847","PAN-02","Aspidosperma indet","f","15"
"848","TAM-06","Acalypha mapirensis","f","129"
"849","PAN-03","Trichilia havanensis","f","9"
"850","TAM-06","Geonoma brongniartii","h","9"
"851","SPD-01","Weinmannia lechleriana","d","117"
"852","SPD-01","Miconia coelestis","d","85"
"853","TAM-06","Siparuna decipiens","h","2"
"854","TAM-06","Prunus amplifolia","d","44"
"855","TAM-05","Socratea exorrhiza","i","26"
"856","TAM-06","Plinia indet","i","63"
"857","SPD-01","Calatola costaricensis","h","1"
"858","TAM-05","Inga acrocephala","d","18"
"859","TAM-06","Dialium guianense","f","68"
"860","TAM-06","Xylosma intermedia","h","4"
"861","PAN-03","Ferdinandusa indet","e","27"
"862","TAM-06","Ampelocera indet","i","19"
"863","TAM-05","Mouriri apiranga","f","123"
"864","TAM-06","Cordia lomatoloba","h","16"
"865","TAM-06","Ceiba insignis","f","23"
"866","TAM-06","Naucleopsis ternstroemiiflora","e","4"
"867","TAM-06","Trema integerrima","e","6"
"868","TAM-06","Inga tomentosa","d","18"
"869","SPD-02","Ficus apollinaris","c","6"
"870","SPD-02","Neea divaricata","i","1"
"871","TAM-06","Allophylus pilosus","h","2"
"872","ESP-01","Myrsine indet","c","18"
"873","PAN-03","Eugenia biflora","h","30"
"874","TAM-05","Inga leiocalycina","d","18"
"875","TAM-06","Quararibea indet","f","23"
"876","TAM-06","Astronium lecointei","f","31"
"877","PAN-03","Chrysophyllum indet","b","18"
"878","TAM-06","Ormosia panamensis","f","68"
"879","TAM-06","Inga oerstediana","d","18"
"880","TAM-05","Tachigali vasquezii","c","6"
"881","TAM-06","Guarea kunthiana","b","9"
"882","TAM-05","Nectandra cuspidata","d","9"
"883","TAM-05","Trattinnickia peruviana","f","12"
"884","TAM-05","Brosimum rubescens","c","6"
"885","TAM-06","Trichilia poeppigii","f","9"
"886","TAM-05","Heisteria spruceana","i","5"
"887","TAM-06","Chimarrhis hookeri","f","74"
"888","TAM-05","Rollinia pittieri","f","35"
"889","TAM-06","Astrocaryum chonta","h","1"
"890","PAN-03","Aspidosperma excelsum","f","15"
"891","SPD-01","Cissus trianae","h","2"
"892","TAM-06","Gloeospermum sphaerocarpum","f","7"
"893","TAM-06","Pleurothyrium williamsii","f","147"
"894","TAM-05","Leonia racemosa","c","7"
"895","TAM-06","Cordia indet","h","16"
"896","PAN-03","Talisia indet","i","36"
"897","SPD-01","Magnolia amazonica","h","5"
"898","TAM-06","Oxandra riedeliana","f","35"
"899","SPD-01","Miconia dolichorrhyncha","d","85"
"900","PAN-03","Pouteria torta","b","32"
"901","SPD-02","Lissocarpa indet","b","21"
"902","TAM-06","Brosimum lactescens","b","6"
"903","SPD-02","Unonopsis guatterioides","e","18"
"904","TAM-05","Peltogyne floribunda","e","21"
"905","TAM-05","Aspidosperma desmanthum","f","15"
"906","PAN-02","Qualea acuminata","d","9"
"907","SPD-02","Dussia tessmannii","e","14"
"908","TAM-05","Eschweilera juruensis","c","8"
"909","PAN-02","Pourouma bicolor","a","14"
"910","PAN-02","Pourouma minor","a","3"
"911","SPD-02","Ocotea longifolia","d","84"
"912","PAN-02","Ocotea javitensis","c","26"
"913","PAN-03","Sloanea indet","c","38"
"914","TAM-05","Virola multinervia","d","15"
"915","TAM-06","Nectandra cissiflora","d","9"
"916","PAN-02","Ocotea bofo","a","9"
"917","TAM-05","Nectandra pulverulenta","d","9"
"918","PAN-02","Sloanea laxiflora","d","38"
"919","PAN-02","Humiriastrum colombianum",NA,"0"
"920","PAN-03","Ocotea javitensis","c","9"
"921","SPD-02","Sapium indet","c","10"
"922","PAN-02","Xylopia calophylla","f","35"
"923","TAM-05","Glycydendron amazonicum","f","129"
"924","PAN-02","Chrysophyllum argenteum","d","18"
"925","TAM-06","Cecropia sciadophylla","d","7"
"926","PAN-02","Qualea indet","d","9"
"927","PAN-03","Inga ruiziana","d","18"
"928","TRU-04","Ruagea subviridiflora","f","9"
"929","PAN-02","Inga thibaudiana","a","10"
"930","PAN-03","Schefflera sprucei","f","31"
"931","TAM-06","Inga acreana","d","18"
"932","PAN-02","Meliosma loretoyacuensis","d","35"
"933","SPD-01","Prunus integrifolia","b","23"
"934","TRU-04","Cyathea divergens","c","15"
"935","PAN-03","Annona indet","f","35"
"936","TAM-05","Tetragastris altissima","f","12"
"937","PAN-02","Pouteria reticulata","d","32"
"938","TAM-06","Gallesia integrifolia",NA,"0"
"939","ACJ-01","Myrsine dependens","d","76"
"940","PAN-02","Herrania nitida","f","23"
"941","PAN-03","Meliosma indet","b","5"
"942","PAN-02","Pouteria coriacea","d","32"
"943","TAM-05","Cordia ucayaliensis","h","16"
"944","PAN-03","Inga gracilifolia","d","18"
"945","TAM-05","Nectandra longifolia","d","9"
"946","PAN-02","Andira inermis","e","10"
"947","PAN-02","Bathysa australis","f","74"
"948","TAM-06","Diplotropis indet","f","68"
"949","TAM-06","Rollinia pittieri","f","35"
"950","TAM-06","Coccoloba densifrons","h","6"
"951","SPD-02","Prunus indet","b","6"
"952","PAN-02","Hirtella triandra","f","34"
"953","SPD-01","Tovomita indet","e","24"
"954","SPD-02","Byrsonima indet","h","1"
"955","PAN-02","Ocotea obovata","c","26"
"956","PAN-02","Doliocarpus dentatus","i","4"
"957","TAM-05","Inga coriacea","d","18"
"958","TAM-05","Pouteria caimito","c","8"
"959","SPD-01","Matayba guianensis","h","1"
"960","PAN-02","Piptadenia cuzcoensis","e","10"
"961","PAN-02","Cecropia sciadophylla","d","7"
"962","ESP-01","Hedyosmum scabrum","c","18"
"963","SPD-01","Prunus detrita","c","6"
"964","SPD-02","Sloanea fragrans","d","38"
"965","TAM-05","Pithecellobium corymbosum","e","21"
"966","TAM-06","Inga coruscans","d","18"
"967","TAM-05","Oxandra xylopioides","f","35"
"968","PAN-02","Casearia arborea","h","24"
"969","TAM-05","Crepidospermum indet","f","12"
"970","TAM-06","Swartzia leptopetala","f","68"
"971","SPD-01","Licaria indet","e","12"
"972","SPD-01","Dioicodendron dioicum","e","14"
"973","TAM-05","Jacaranda obtusifolia","d","12"
"974","PAN-03","Miconia punctata","d","85"
"975","WAY-01","Ageratina indet","e","2"
"976","SPD-02","Jacaranda glabra","b","12"
"977","PAN-02","Pseudolmedia laevigata","b","16"
"978","TAM-06","Pouteria guianensis","c","6"
"979","PAN-03","Hebepetalum humiriifolium","b","16"
"980","ESP-01","Meliosma glabrata","c","30"
"981","TAM-06","Tontelea attenuata","i","17"
"982","PAN-02","Piptadenia boliviana","e","10"
"983","PAN-03","Clusia indet","b","28"
"984","WAY-01","Meliosma frondosa","b","30"
"985","SPD-01","Miconia galactantha","d","85"
"986","PAN-02","Heisteria duckei","i","5"
"987","TAM-06","Amaioua corymbosa","f","74"
"988","TAM-05","Sloanea indet","d","38"
"989","PAN-02","Pouteria torta","b","32"
"990","TAM-05","Scheelea butyracea","i","26"
"991","PAN-02","Ferdinandusa chlorantha","f","74"
"992","PAN-03","Persea indet","b","21"
"993","TRU-04","Clethra indet","d","31"
"994","TAM-06","Anthodiscus klugii","d","11"
"995","TAM-05","Neea indet","i","1"
"996","SPD-02","Meliosma boliviensis","d","35"
"997","TAM-06","Quiina florida","f","17"
"998","SPD-02","Endlicheria krukovii","c","18"
"999","PAN-02","Sloanea laurifolia","d","38"
"1000","TAM-06","Aniba panurensis","f","147"
"1001","PAN-02","Meliosma herbertii","d","35"
"1002","PAN-02","Pouteria juruana","d","32"
"1003","SPD-02","Myrcia indet","h","2"
"1004","TAM-05","Pleurothyrium vasquezii","e","9"
"1005","PAN-02","Bauhinia indet","e","10"
"1006","TAM-05","Dilodendron elegans","h","1"
"1007","TAM-06","Hymenaea oblongifolia","f","68"
"1008","PAN-02","Hieronyma indet","d","12"
"1009","PAN-03","Alibertia indet","e","27"
"1010","TAM-05","Cordia indet","h","16"
"1011","PAN-02","Micropholis guyanensis","b","13"
"1012","PAN-02","Sarcaulus indet","f","63"
"1013","TAM-06","Swartzia indet","f","68"
"1014","TRU-04","Clusia trochiformis","b","17"
"1015","PAN-02","Hirtella indet","f","34"
"1016","PAN-02","Inga alba","c","10"
"1017","PAN-03","Trichilia indet","f","9"
"1018","TAM-05","Licania octandra","c","16"
"1019","TAM-05","Coussapoa trinervia","d","34"
"1020","PAN-02","Miconia modica","d","85"
"1021","SPD-02","Nectandra cissiflora","c","9"
"1022","PAN-02","Couepia ulei","f","34"
"1023","TAM-05","Aniba taubertiana","e","9"
"1024","TAM-06","Dipteryx odorata","f","68"
"1025","TAM-06","Ficus maxima","b","6"
"1026","TAM-06","Triplaris americana","i","51"
"1027","TAM-05","Cupania scrobiculata","h","8"
"1028","PAN-03","Eugenia feijoi","h","30"
"1029","PAN-03","Heisteria duckei","i","5"
"1030","PAN-02","Inga heterophylla","c","10"
"1031","TAM-05","Astronium lecointei","f","31"
"1032","TAM-05","Swartzia macrostachya","e","21"
"1033","PAN-02","Parinari indet","d","18"
"1034","SPD-02","Parinari parilis","b","18"
"1035","PAN-02","Virola elongata","d","15"
"1036","TAM-06","Genipa americana","f","74"
"1037","TAM-05","Neea macrophylla","i","1"
"1038","TAM-05","Miconia impetiolaris","d","85"
"1039","PAN-03","Siphoneugena indet","i","63"
"1040","PAN-02","Lonchocarpus seorsus","e","10"
"1041","PAN-03","Ferdinandusa guainiae","e","27"
"1042","PAN-03","Dacryodes peruviana","f","12"
"1043","SPD-02","Heliocarpus americanus","a","11"
"1044","WAY-01","Meliosma indet","b","5"
"1045","SPD-01","Vismia tomentosa","d","10"
"1046","PAN-02","Ecclinusa lanceolata","f","63"
"1047","ESP-01","Hedyosmum peruvianum","c","18"
"1048","SPD-02","Psychotria indet","e","12"
"1049","PAN-02","Ocotea insularis","a","17"
"1050","WAY-01","Dicksonia sellowiana","h","2"
"1051","ESP-01","Persea mutisii","d","36"
"1052","SPD-01","Beilschmiedia tovarensis","e","12"
"1053","TAM-06","Garcinia madruno","f","172"
"1054","ESP-01","Dicksonia sellowiana","h","2"
"1055","PAN-02","Helicostylis elegans","e","18"
"1056","PAN-02","Protium sagotianum","d","12"
"1057","TAM-06","Laetia corymbulosa","i","48"
"1058","TAM-06","Cinnamomum triplinerve","f","147"
"1059","PAN-02","Inga brachyrhachis","c","10"
"1060","PAN-03","Pourouma guianensis","b","6"
"1061","PAN-02","Ecclinusa ramiflora","f","63"
"1062","PAN-02","Pouteria bangii","d","32"
"1063","PAN-02","Inga gracilifolia","c","10"
"1064","TAM-05","Hymenaea parvifolia","e","21"
"1065","TAM-06","Schizolobium parahyba","f","68"
"1066","SPD-02","Coussarea paniculata","e","12"
"1067","PAN-02","Pouteria indet","d","32"
"1068","SPD-02","Morus insignis","e","21"
"1069","PAN-02","Dussia tessmannii","e","10"
"1070","PAN-03","Beilschmiedia tovarensis","e","9"
"1071","SPD-02","Pleurothyrium cuneifolium","e","27"
"1072","WAY-01","Podocarpus oleifolius","f","3"
"1073","ACJ-01","Prunus huantensis","d","44"
"1074","SPD-02","Ficus trigona","c","6"
"1075","PAN-02","Licania micrantha","d","16"
"1076","PAN-03","Protium opacum","d","12"
"1077","TAM-06","Brosimum utile","c","4"
"1078","PAN-03","Myrcia fallax","h","2"
"1079","TRU-04","Symplocos indet","d","76"
"1080","TAM-06","Triplaris indet","i","51"
"1081","TAM-05","Zygia indet","e","21"
"1082","WAY-01","Monnina connectisepala","i","2"
"1083","WAY-01","Cyathea pallescens","d","24"
"1084","PAN-02","Inga auristellae","c","10"
"1085","TAM-06","Beilschmiedia indet","f","147"
"1086","WAY-01","Cyathea indet","b","9"
"1087","PAN-02","Miconia coelestis","d","85"
"1088","PAN-03","Inga cordatoalata","d","18"
"1089","SPD-02","Cupania rubiginosa","h","8"
"1090","TAM-06","Trichilia indet","f","9"
"1091","WAY-01","Nectandra indet","d","9"
"1092","SPD-02","Ruagea glabra","e","9"
"1093","PAN-02","Dendrobangia boliviana",NA,"0"
"1094","SPD-02","Perrottetia sessiliflora","a","18"
"1095","SPD-02","Inga edulis","d","18"
"1096","TAM-06","Prunus indet","b","6"
"1097","PAN-03","Virola elongata","d","15"
"1098","PAN-02","Myrcia splendens","h","2"
"1099","PAN-02","Persea indet","b","21"
"1100","PAN-03","Maytenus indet","h","5"
"1101","PAN-02","Helicostylis tomentosa","e","18"
"1102","PAN-03","Guapira noxia","i","1"
"1103","SPD-02","Inga pezizifera","d","18"
"1104","PAN-02","Cecropia strigosa","d","7"
"1105","PAN-02","Cecropia distachya","d","7"
"1106","SPD-02","Coussarea ecuadorensis","e","12"
"1107","SPD-02","Styloceras brokawii","i","1"
"1108","TRU-04","Gaiadendron punctatum","h","1"
"1109","SPD-02","Garcinia madruno","f","172"
"1110","TAM-05","Casearia javitensis","h","24"
"1111","WAY-01","Schefflera indet","f","31"
"1112","PAN-02","Iryanthera juruensis","f","15"
"1113","ESP-01","Clethra cuneata","b","31"
"1114","PAN-02","Cordia mexiana","h","16"
"1115","PAN-02","Pouteria sagotiana","d","32"
"1116","SPD-02","Miconia peruviana","d","85"
"1117","SPD-02","Urera baccifera","e","40"
"1118","WAY-01","Symplocos psiloclada","d","76"
"1119","SPD-01","Myrcia mollis","h","2"
"1120","PAN-02","Pseudolmedia laevis","b","2"
"1121","PAN-03","Pourouma cuspidata","c","12"
"1122","PAN-02","Brosimum rubescens","d","10"
"1123","TRU-04","Dicksonia sellowiana","h","2"
"1124","SPD-02","Guatteria indet","c","18"
"1125","ESP-01","Vallea stipularis","f","38"
"1126","PAN-02","Cordia ulei","h","16"
"1127","PAN-02","Iriartea deltoidea","i","26"
"1128","PAN-03","Schefflera morototoni","f","31"
"1129","PAN-03","Lacmellea peruviana","f","15"
"1130","PAN-03","Tetragastris panamensis","f","12"
"1131","PAN-03","Mollinedia lanceolata","b","18"
"1132","PAN-03","Aniba panurensis","e","9"
"1133","SPD-02","Ampelocera edentula","i","19"
"1134","PAN-02","Guarea indet","d","9"
"1135","SPD-02","Hasseltia floribunda","i","48"
"1136","WAY-01","Hesperomeles indet","c","9"
"1137","PAN-02","Myrcia minutiflora","h","2"
"1138","PAN-03","Palicourea guianensis","e","27"
"1139","TAM-06","Aspidosperma tambopatense","f","15"
"1140","PAN-02","Sloanea robusta","d","38"
"1141","PAN-02","Pourouma cecropiifolia","c","26"
"1142","PAN-02","Ormosia indet","e","10"
"1143","PAN-02","Inga capitata","c","10"
"1144","PAN-02","Micropholis egensis","d","13"
"1145","PAN-02","Cybianthus timanae","f","76"
"1146","SPD-02","Miconia astroplocama","d","85"
"1147","TRU-04","Plinia indet","i","63"
"1148","PAN-02","Sloanea sinemariensis","b","6"
"1149","SPD-02","Guettarda crispiflora","e","12"
"1150","PAN-02","Quararibea wittii","f","23"
"1151","SPD-02","Nectandra lineata","c","9"
"1152","SPD-02","Inga indet","b","8"
"1153","PAN-02","Warszewiczia coccinea","f","74"
"1154","SPD-01","Virola sebifera","b","15"
"1155","PAN-02","Chrysophyllum manaosense","d","18"
"1156","SPD-01","Psychotria indet","e","14"
"1157","PAN-02","Sloanea obtusifolia","d","38"
"1158","SPD-02","Dendropanax weberbaueri","d","11"
"1159","PAN-02","Tachigali poeppigiana","d","35"
"1160","SPD-01","Clethra revoluta","d","31"
"1161","SPD-01","Meliosma boliviensis","c","5"
"1162","SPD-01","Ilex nervosa","c","15"
"1163","PAN-02","Machaerium duckeanum","e","10"
"1164","PAN-02","Faramea torquata","b","18"
"1165","PAN-02","Guatteria duodecima","d","35"
"1166","SPD-02","Urera caracasana","e","40"
"1167","PAN-02","Sloanea meianthera","b","14"
"1168","TAM-06","Clarisia biflora","d","6"
"1169","PAN-02","Annona ambotay","f","35"
"1170","PAN-02","Protium spruceanum","d","12"
"1171","SPD-02","Gordonia fruticosa","b","24"
"1172","SPD-02","Faramea bangii","d","18"
"1173","TAM-06","Casearia ulmifolia","h","24"
"1174","PAN-02","Alchornea brittonii","d","69"
"1175","SPD-02","Pouteria torta","b","32"
"1176","SPD-01","Ladenbergia indet","e","14"
"1177","SPD-02","Hedyosmum cuatrecazanum","b","11"
"1178","SPD-02","Cestrum indet","h","5"
"1179","PAN-02","Licania indet","d","16"
"1180","TAM-05","Ampelocera edentula","i","19"
"1181","PAN-02","Pouteria krukovii","d","32"
"1182","SPD-01","Myrcia aliena","h","2"
"1183","SPD-02","Chomelia tenuiflora","e","12"
"1184","PAN-02","Pachira trinitensis","f","23"
"1185","SPD-02","Citronella incarum",NA,"0"
"1186","PAN-02","Couepia obovata","f","34"
"1187","PAN-02","Inga nobilis","c","10"
"1188","PAN-02","Eugenia florida","h","30"
"1189","PAN-02","Sloanea terniflora","d","38"
"1190","ESP-01","Prunus debilis","b","15"
"1191","PAN-03","Sloanea rufa","c","38"
"1192","SPD-01","Myrcia paivae","h","2"
"1193","TAM-06","Inga marginata","d","18"
"1194","PAN-03","Talisia cerasina","i","36"
"1195","PAN-02","Toulicia reticulata","i","36"
"1196","PAN-02","Zapoteca amazonica","e","10"
"1197","PAN-02","Eschweilera albiflora","d","8"
"1198","PAN-02","Simaba paraensis","i","11"
"1199","SPD-02","Eugenia florida","h","30"
"1200","PAN-02","Pourouma indet","c","26"
"1201","PAN-02","Inga densiflora","c","10"
"1202","SPD-02","Laetia procera","i","48"
"1203","PAN-02","Socratea exorrhiza","i","26"
"1204","WAY-01","Oreopanax microflorous","b","20"
"1205","SPD-01","Saurauia glabra","h","1"
"1206","SPD-02","Rollinia andicola","e","18"
"1207","PAN-02","Diplotropis martiusii","e","10"
"1208","PAN-02","Virola peruviana","d","15"
"1209","SPD-02","Solanum indet","h","12"
"1210","PAN-02","Triplaris americana","i","51"
"1211","PAN-02","Sloanea brevipes","d","38"
"1212","PAN-02","Miconia lourteigiana","d","85"
"1213","TAM-06","Trichilia pleeana","f","9"
"1214","TRU-04","Hieronyma indet","d","12"
"1215","SPD-01","Viburnum ayavacense","h","25"
"1216","SPD-02","Allophylus punctatus","h","2"
"1217","TAM-06","Rollinia indet","f","35"
"1218","TAM-06","Triplaris setosa","i","51"
"1219","PAN-02","Cedrela odorata","f","9"
"1220","SPD-01","Hedyosmum translucidum","b","18"
"1221","PAN-02","Neea divaricata","i","1"
"1222","TAM-06","Chrysophyllum pomiferum","d","18"
"1223","PAN-02","Cordia ucayaliensis","h","16"
"1224","SPD-01","Clethra obovata","d","31"
"1225","SPD-01","Hieronyma duquei","d","12"
"1226","WAY-01","Erythroxylum deciduum","h","5"
"1227","PAN-02","Qualea amoena","d","9"
"1228","TAM-06","Hasseltia floribunda","i","48"
"1229","SPD-01","Caryocar glabrum","c","6"
"1230","PAN-02","Pouteria eugeniifolia","d","32"
"1231","PAN-02","Ladenbergia oblongifolia","f","74"
"1232","WAY-01","Baccharis brachylaenoides","e","2"
"1233","TAM-05","Quararibea indet","e","12"
"1234","PAN-03","Leonia glycycarpa","b","7"
"1235","TAM-05","Inga auristellae","d","18"
"1236","PAN-02","Richeria indet","f","12"
"1237","ACJ-01","Oreopanax indet","d","20"
"1238","PAN-02","Mollinedia killipii","d","18"
"1239","PAN-02","Matisia malacocalyx","f","23"
"1240","SPD-01","Sapium glandulosum","d","10"
"1241","PAN-02","Protium plagiocarpium","d","12"
"1242","PAN-02","Sloanea rufa","d","38"
"1243","PAN-02","Guatteria guentheri","d","35"
"1244","PAN-03","Coussarea hirticalyx","e","27"
"1245","SPD-01","Cecropia membranacea","c","1"
"1246","TAM-05","Miconia bubalina","d","85"
"1247","PAN-02","Aparisthmium cordatum","e","29"
"1248","ESP-01","Cyathea delgadii","b","15"
"1249","TAM-05","Quiina florida","e","17"
"1250","PAN-02","Siparuna decipiens","h","2"
"1251","SPD-01","Clusia flaviflora","b","12"
"1252","TAM-05","Sloanea fragrans","d","38"
"1253","PAN-02","Sloanea pubescens","d","38"
"1254","PAN-02","Glycydendron amazonicum","e","29"
